{"_localPosition":[0.5455692,-0.036362648,-0.400000572],"PrefabName":"Stone_52","_parentPosition":[0.08054656,-9.472264,16.3536167],"_normalArray":[0.8333597,0.19841899,0.515889049],"NormalTollerance":0.0,"_normalStart":[-0.5455692,0.03636235,0.4],"_normalEnd":[1.55443084,0.53636235,1.7],"State":1,"Length":2.51992,"StoneNormals":null,"TriangleMesh":null,"Weight":0.0,"VoxelSize":0.1}