{"_localPosition":[0.00582671165,-0.008090973,-0.0519762039],"PrefabName":"Stone_48","_parentPosition":[0.620289,-9.500536,16.0055923],"_normalArray":[0.7934922,-0.04667619,0.6067878],"NormalTollerance":0.0,"_normalStart":[-0.005826734,0.008090556,0.05197618],"_normalEnd":[1.69417334,-0.09190947,1.35197616],"State":1,"Length":2.14242816,"StoneNormals":null,"TriangleMesh":null,"Weight":0.0,"VoxelSize":0.1}