{"_localPosition":[0.0107924938,-0.04861927,-0.0190114975],"PrefabName":"Stone_45","_parentPosition":[0.615323246,-9.460008,15.9726276],"_normalArray":[-0.411054164,0.234887868,0.880830348],"NormalTollerance":0.0,"_normalStart":[-0.0107924938,0.048619315,0.0190115944],"_normalEnd":[-0.7107925,0.448619336,1.51901162],"State":1,"Length":1.70293856,"StoneNormals":null,"TriangleMesh":null,"Weight":0.0,"VoxelSize":0.1}