{"_localPosition":[0.06823325,-0.127930641,-0.02517891],"PrefabName":"Stone_16","_parentPosition":[0.5578825,-9.380696,15.9787951],"_normalArray":[-0.7986296,-0.252198577,0.5464308],"NormalTollerance":0.0,"_normalStart":[-0.06823325,0.127930939,0.02517853],"_normalEnd":[-1.96823323,-0.472069085,1.3251785],"Length":2.37907553,"StoneNormals":null,"TriangleMesh":null,"Weight":0.0,"VoxelSize":0.1}