{"_localPosition":[0.0133931637,0.0427742,-0.09999943],"PrefabName":"Stone_14","_parentPosition":[0.6127226,-9.551401,16.0536156],"_normalArray":[0.771516562,0.154303417,0.617213666],"NormalTollerance":0.0,"_normalStart":[-0.013393186,-0.0427738577,0.1],"_normalEnd":[1.48660684,0.257226139,1.30000007],"State":1,"Length":1.94422269,"StoneNormals":null,"TriangleMesh":null,"Weight":0.0,"VoxelSize":0.1}