{"_localPosition":[0.242133558,0.2726879,-0.09725094],"PrefabName":"Stone_59","_parentPosition":[0.383982182,-9.781315,16.0508671],"_normalArray":[-0.116941094,0.7308818,0.672411],"NormalTollerance":0.0,"_normalStart":[-0.242133558,-0.272688061,0.09725056],"_normalEnd":[-0.6421336,2.227312,2.39725065],"State":1,"Length":3.42052579,"StoneNormals":null,"TriangleMesh":null,"Weight":0.0,"VoxelSize":0.1}