{"_localPosition":[0.221941233,0.122393608,-0.09999943],"PrefabName":"Stone_4","_parentPosition":[0.4041745,-9.631021,16.0536156],"_normalArray":[0.327543527,0.254756033,0.9098432],"NormalTollerance":0.0,"_normalStart":[-0.221941248,-0.122393534,0.1],"_normalEnd":[0.678058743,0.5776065,2.60000014],"State":1,"Length":2.7477262,"StoneNormals":null,"TriangleMesh":null,"Weight":0.0,"VoxelSize":0.1}