{"_localPosition":[-0.00189638138,-0.0715208054,-0.08090687],"PrefabName":"Stone_30","_parentPosition":[0.6280121,-9.437106,16.034523],"_normalArray":[0.6420242,-0.197545737,0.7407972],"NormalTollerance":0.0,"_normalStart":[0.001896359,0.07152116,0.08090613],"_normalEnd":[1.30189633,-0.3284788,1.58090615],"State":1,"Length":2.0248456,"StoneNormals":null,"TriangleMesh":null,"Weight":0.0,"VoxelSize":0.1}