{"_localPosition":[0.3418668,0.4468069,-0.7752981],"PrefabName":"Stone_31","_parentPosition":[0.284248948,-9.955434,16.7289143],"_normalArray":[0.7908746,0.571187258,0.219687387],"NormalTollerance":0.0,"_normalStart":[-0.3418668,-0.4468071,0.775298655],"_normalEnd":[1.45813322,0.8531929,1.27529871],"State":1,"Length":2.2759614,"StoneNormals":null,"TriangleMesh":null,"Weight":0.0,"VoxelSize":0.1}