{"_localPosition":[0.238733321,-0.0514736176,-0.156077385],"PrefabName":"Stone_13","_parentPosition":[0.387382418,-9.457153,16.1096935],"_normalArray":[0.8359175,0.2229111,0.501550257],"NormalTollerance":0.0,"_normalStart":[-0.238733321,0.0514736921,0.1560771],"_normalEnd":[1.26126671,0.4514737,1.05607712],"State":1,"Length":1.79443562,"StoneNormals":null,"TriangleMesh":null,"Weight":0.0,"VoxelSize":0.1}