{"_localPosition":[-0.126811266,-0.0690031052,-0.09999943],"PrefabName":"Stone_46","_parentPosition":[0.752927,-9.439624,16.0536156],"_normalArray":[-0.8264744,0.0330587849,0.5620028],"NormalTollerance":0.0,"_normalStart":[0.126811266,0.06900276,0.1],"_normalEnd":[-2.373189,0.169002756,1.80000007],"State":1,"Length":3.02489734,"StoneNormals":null,"TriangleMesh":null,"Weight":0.0,"VoxelSize":0.1}