{"_localPosition":[-0.7722271,0.9792633,-0.9000006],"PrefabName":"Stone_77","_parentPosition":[1.39834285,-10.48789,16.8536167],"_normalArray":[-0.889197767,0.230532691,0.3951986],"NormalTollerance":0.0,"_normalStart":[0.772227049,-0.9792635,0.900000036],"_normalEnd":[-1.927773,-0.279263437,2.10000014],"State":1,"Length":3.036445,"StoneNormals":null,"TriangleMesh":null,"Weight":0.0,"VoxelSize":0.1}