{"_localPosition":[0.08810979,0.0268106461,-0.09789944],"PrefabName":"Stone_35","_parentPosition":[0.538005948,-9.535438,16.0515156],"_normalArray":[0.6310546,0.168281049,0.7572659],"NormalTollerance":0.0,"_normalStart":[-0.08810978,-0.0268109068,0.09789977],"_normalEnd":[1.41189027,0.3731891,1.89789975],"State":1,"Length":2.37697363,"StoneNormals":null,"TriangleMesh":null,"Weight":0.0,"VoxelSize":0.1}