{"_localPosition":[-0.312947154,-0.251588821,-0.5910826],"PrefabName":"Stone_9","_parentPosition":[0.9390629,-9.257038,16.5446987],"_normalArray":[-0.919600844,-0.3678404,0.137940645],"NormalTollerance":0.0,"_normalStart":[0.312947154,0.251588643,0.591083169],"_normalEnd":[-1.687053,-0.548411369,0.8910832],"Length":2.17485666,"StoneNormals":null,"TriangleMesh":null,"Weight":0.0,"VoxelSize":0.1}