{"_localPosition":[0.258628875,-0.0701761246,-0.265212059],"PrefabName":"Stone_27","_parentPosition":[0.367486864,-9.438451,16.2188282],"_normalArray":[0.8699502,0.183147669,0.457868516],"NormalTollerance":0.0,"_normalStart":[-0.258628875,0.07017626,0.265211165],"_normalEnd":[1.64137113,0.47017628,1.26521122],"State":1,"Length":2.18403316,"StoneNormals":null,"TriangleMesh":null,"Weight":0.0,"VoxelSize":0.1}