{"count":1,"self":82.35063679999999,"total":214.39964229999998,"children":{"InitializeActuators":{"count":1,"self":0.000998,"total":0.000998,"children":null},"InitializeSensors":{"count":1,"self":0.0009975,"total":0.0009975,"children":null},"AgentSendState":{"count":12651,"self":0.10114419999999999,"total":1.5838790999999999,"children":{"CollectObservations":{"count":12651,"self":1.1165306,"total":1.1165306,"children":null},"WriteActionMask":{"count":12651,"self":0.0109968,"total":0.0109968,"children":null},"RequestDecision":{"count":12651,"self":0.073870499999999992,"total":0.3552075,"children":{"AgentInfo.ToProto":{"count":12651,"self":0.044618,"total":0.281337,"children":{"GenerateSensorData":{"count":12651,"self":0.23671899999999998,"total":0.23671899999999998,"children":null}}}}}}},"DecideAction":{"count":12651,"self":127.41077759999999,"total":127.41077489999999,"children":null},"AgentAct":{"count":12651,"self":2.9830864,"total":3.0523583999999997,"children":{"AgentInfo.ToProto":{"count":4639,"self":0.0118964,"total":0.069272,"children":{"GenerateSensorData":{"count":4639,"self":0.0573756,"total":0.0573756,"children":null}}}}}},"gauges":{"Combiner.CumulativeReward":{"count":4639,"max":1.06100047,"min":0.9999,"runningAverage":1.00025868,"value":1.06070042,"weightedAverage":1.03390634}},"metadata":{"timer_format_version":"0.1.0","start_time_seconds":"1628690351","unity_version":"2021.1.12f1","command_line_arguments":"D:\\Document\\Unity\\2021.1.12f1\\Editor\\Unity.exe -projectpath D:\/download\/Unity\/Stone0511-main -useHub -hubIPC -cloudEnvironment production -hubSessionId 4b33fc20-fa5e-11eb-b7e4-ab3947a2aacf -accessToken lDuhaIAIWw2HQz2MKTk85BVHO0Ut4JTCeWt2QARvJ5I00bf","communication_protocol_version":"1.5.0","com.unity.ml-agents_version":"2.0.0-pre.3","scene_name":"Training","end_time_seconds":"1628690565"}}